{"learner":{"attributes":{"scikit_learn":"{\"_estimator_type\": \"regressor\"}"},"feature_names":[],"feature_types":[],"gradient_booster":{"model":{"gbtree_model_param":{"num_parallel_tree":"1","num_trees":"2"},"iteration_indptr":[0,1,2],"tree_info":[0,0],"trees":[{"base_weights":[2.1551962E-6,-3.552351E1,5.144785E1,-5.2829765E1,1.0741674E1,3.705116E1,1.1299444E2,-7.140181E1,-4.339292E1,-1.5884881E1,2.6283365E1,2.1806906E1,7.452042E1,3.907488E1,6.401196E1,-5.6952522E1,-2.6160921E1,-7.253008E0,-4.9402424E1,-4.0396854E1,7.90817E0,-2.878045E1,3.5786476E1,-2.7487764E1,2.8654728E1,-2.2552406E1,8.464206E1,-3.8604815E0,7.523053E1,-6.686708E1,4.0107665E0,-1.7541075E1,1.2952693E1,-5.4664833E1,-2.3628876E0,-1.37741785E1,-2.087677E1,-1.2047309E1,2.1537113E1,-9.776771E0,-1.4604813E0,2.0830248E1,2.5867748E1,7.1975937E0,-4.1394474E1,1.4356332E1,5.559948E1,-9.147308E0,1.8951875E-1,8.978801E1,-1.0460482E1,3.939519E0,8.222582E1,-9.776771E0,-2.1553297E1,-3.5473084E0,5.552692E0,-1.1826932E0,-1.5165723E1,-1.6843483E1,9.3395195E0,-1.5547309E1,4.944158E0,1.5632302E0,-1.2247309E1,-1.965722E0,1.0353461E1,-8.589396E0,1.1130086E1,7.089519E0,-1.8473084E0,-1.5403683E1,4.239519E0,9.326403E0,-2.733646E0,2.4205349E1,4.217307E0,-3.2604814E0,2.8090105E1,6.939519E0,2.6465866E1],"categories":[],"categories_nodes":[],"categories_segments":[],"categories_sizes":[],"default_left":[0,0,0,0,0,0,0,0,0,0,0,0,0,0,0,0,0,0,0,0,0,0,0,0,0,0,0,0,0,0,0,0,0,0,0,0,0,0,0,0,0,0,0,0,0,0,0,0,0,0,0,0,0,0,0,0,0,0,0,0,0,0,0,0,0,0,0,0,0,0,0,0,0,0,0,0,0,0,0,0,0],"id":0,"left_children":[1,3,5,7,9,11,13,15,17,19,21,23,25,-1,27,29,-1,31,33,35,37,39,41,43,45,47,49,-1,51,53,55,57,-1,59,61,63,-1,-1,65,-1,-1,67,-1,69,71,73,75,-1,-1,77,-1,-1,79,-1,-1,-1,-1,-1,-1,-1,-1,-1,-1,-1,-1,-1,-1,-1,-1,-1,-1,-1,-1,-1,-1,-1,-1,-1,-1,-1,-1],"loss_changes":[6.488009E5,1.6870969E5,1.24293125E5,2.3716688E4,2.4419168E4,6.634664E4,1.4482875E4,6.4494062E3,2.2228703E4,1.3150189E4,2.0391217E4,2.9817914E4,3.531511E4,0E0,8.730457E3,1.7796484E4,0E0,9.058359E3,2.1902016E4,7.5904355E3,8.725924E3,3.878042E2,2.2344129E4,5.6038916E3,2.8482074E4,7.554624E2,2.2195578E4,0E0,2.3954258E3,1.9238828E3,1.3667615E3,6.0854937E3,0E0,1.1906922E4,1.0174322E4,3.8075496E3,0E0,0E0,3.8705864E3,0E0,0E0,2.1985516E4,0E0,1.0234474E3,5.145992E3,2.0309305E4,2.5959742E4,0E0,0E0,1.2630375E4,0E0,0E0,4.386836E2,0E0,0E0,0E0,0E0,0E0,0E0,0E0,0E0,0E0,0E0,0E0,0E0,0E0,0E0,0E0,0E0,0E0,0E0,0E0,0E0,0E0,0E0,0E0,0E0,0E0,0E0,0E0,0E0],"parents":[2147483647,0,0,1,1,2,2,3,3,4,4,5,5,6,6,7,7,8,8,9,9,10,10,11,11,12,12,14,14,15,15,17,17,18,18,19,19,20,20,21,21,22,22,23,23,24,24,25,25,26,26,28,28,29,29,30,30,31,31,33,33,34,34,35,35,38,38,41,41,43,43,44,44,45,45,46,46,49,49,52,52],"right_children":[2,4,6,8,10,12,14,16,18,20,22,24,26,-1,28,30,-1,32,34,36,38,40,42,44,46,48,50,-1,52,54,56,58,-1,60,62,64,-1,-1,66,-1,-1,68,-1,70,72,74,76,-1,-1,78,-1,-1,80,-1,-1,-1,-1,-1,-1,-1,-1,-1,-1,-1,-1,-1,-1,-1,-1,-1,-1,-1,-1,-1,-1,-1,-1,-1,-1,-1,-1],"split_conditions":[5.6499788E-3,6.2067355E-3,7.355214E-2,-4.2570855E-2,-2.3450946E-2,3.6201265E-2,2.2485405E-2,-3.8719688E-2,-5.1103264E-2,2.472964E-2,-4.354178E-2,-3.980883E-2,-6.1173533E-4,3.907488E1,1.6318427E-2,-4.559945E-2,-2.6160921E1,-4.221514E-3,4.5345243E-2,-2.991782E-2,-3.321323E-2,2.609183E-4,3.799897E-2,-2.6833475E-2,3.79505E-2,1.9913213E-2,1.9878799E-1,-3.8604815E0,8.540807E-2,-7.563562E-2,-4.183994E-2,3.0644094E-3,1.2952693E1,1.0794366E-1,-3.4521777E-2,9.438663E-3,-2.087677E1,-1.2047309E1,-2.8674295E-2,-9.776771E0,-1.4604813E0,1.482098E-2,2.5867748E1,-4.183994E-2,2.0446286E-2,3.4750905E-2,3.8075905E-2,-9.147308E0,1.8951875E-1,-7.1772285E-2,-1.0460482E1,3.939519E0,-6.726771E-2,-9.776771E0,-2.1553297E1,-3.5473084E0,5.552692E0,-1.1826932E0,-1.5165723E1,-1.6843483E1,9.3395195E0,-1.5547309E1,4.944158E0,1.5632302E0,-1.2247309E1,-1.965722E0,1.0353461E1,-8.589396E0,1.1130086E1,7.089519E0,-1.8473084E0,-1.5403683E1,4.239519E0,9.326403E0,-2.733646E0,2.4205349E1,4.217307E0,-3.2604814E0,2.8090105E1,6.939519E0,2.6465866E1],"split_indices":[2,8,2,8,2,9,5,4,4,8,3,8,8,0,4,4,0,8,5,2,3,2,7,6,3,0,5,0,2,9,0,9,0,3,8,4,0,0,6,0,0,8,0,0,4,2,0,0,0,5,0,0,0,0,0,0,0,0,0,0,0,0,0,0,0,0,0,0,0,0,0,0,0,0,0,0,0,0,0,0,0],"split_type":[0,0,0,0,0,0,0,0,0,0,0,0,0,0,0,0,0,0,0,0,0,0,0,0,0,0,0,0,0,0,0,0,0,0,0,0,0,0,0,0,0,0,0,0,0,0,0,0,0,0,0,0,0,0,0,0,0,0,0,0,0,0,0,0,0,0,0,0,0,0,0,0,0,0,0,0,0,0,0,0,0],"sum_hessian":[3.53E2,2.09E2,1.44E2,1.52E2,5.7E1,1.18E2,2.6E1,4.9E1,1.03E2,2.1E1,3.6E1,8.5E1,3.3E1,1.8E1,8E0,2.8E1,2.1E1,1.5E1,8.8E1,1E1,1.1E1,5E0,3.1E1,1E1,7.5E1,3E0,3E1,1E0,7E0,2.4E1,4E0,1.3E1,2E0,7.9E1,9E0,6E0,4E0,2E0,9E0,4E0,1E0,2.5E1,6E0,3E0,7E0,5E1,2.5E1,2E0,1E0,2.9E1,1E0,1E0,6E0,4E0,2E1,2E0,2E0,1E1,3E0,7.8E1,1E0,2E0,7E0,4E0,2E0,3E0,6E0,6E0,1.9E1,1E0,2E0,6E0,1E0,2.9E1,2.1E1,1.5E1,1E1,1E0,2.8E1,1E0,5E0],"tree_param":{"num_deleted":"0","num_feature":"10","num_nodes":"81","size_leaf_vector":"1"}},{"base_weights":[3.3973694E-2,-2.3928804E1,3.955442E1,-3.992107E1,3.6668823E0,2.8630907E1,8.178349E1,-4.5921833E1,-1.9072487E1,-1.979466E-1,1.8967451E1,1.0280193E1,4.7480137E1,2.4659119E1,2.6368975E1,-3.662225E1,-6.0225487E1,-1.4896207E0,-3.7661182E1,2.3232634E1,-8.137161E0,3.3818333E1,-5.9450235E0,-2.8651901E1,5.2621094E1,1.2051253E1,-3.281408E0,-5.3892593E0,-4.536009E1,-6.317431E1,-1.8156382E0,-1.5503915E1,1.5430917E1,-4.461493E1,7.3433585E0,-3.5389023E0,5.634661E1,5.487673E0,-2.8235365E1,5.3727676E1,-3.121504E0,2.5000788E1,-1.7273375E1,-4.412842E-1,-1.1166572E1,2.0886992E1,5.907768E1,5.6961465E0,-5.458666E0,-1.4175051E1,7.9385905E0,-7.547262E0,-1.9693068E1,-1.078396E1,9.966923E0,1.0955309E1,-7.894888E0,-1.4670368E1,1.6660401E0,3.4066155E0,-1.02104194E-1,8.510123E0,-6.9113336E0,4.736274E0,2.219846E1,-7.007573E0,4.790467E0,-4.967204E0,-1.815296E1,1.9900429E1,7.423542E-1,-6.6570506E0,7.8785605E0,-7.566439E0,4.074084E0,1.1221738E1,-3.9727972E0,2.4584923E1,1.4716818E1],"categories":[],"categories_nodes":[],"categories_segments":[],"categories_sizes":[],"default_left":[0,0,0,0,0,0,0,0,0,0,0,0,0,0,0,0,0,0,0,0,0,0,0,0,0,0,0,0,0,0,0,0,0,0,0,0,0,0,0,0,0,0,0,0,0,0,0,0,0,0,0,0,0,0,0,0,0,0,0,0,0,0,0,0,0,0,0,0,0,0,0,0,0,0,0,0,0,0,0],"id":1,"left_children":[1,3,5,7,9,11,13,15,17,19,-1,21,23,25,-1,27,29,31,33,35,37,39,41,43,45,-1,-1,47,49,51,53,55,-1,57,59,61,63,65,67,69,71,-1,73,-1,-1,75,77,-1,-1,-1,-1,-1,-1,-1,-1,-1,-1,-1,-1,-1,-1,-1,-1,-1,-1,-1,-1,-1,-1,-1,-1,-1,-1,-1,-1,-1,-1,-1,-1],"loss_changes":[3.3619147E5,9.767758E4,5.9471297E4,1.6639188E4,1.888738E4,3.6868758E4,7.2610938E3,1.2160359E4,1.0729702E4,1.4698639E4,0E0,2.158809E4,2.2251445E4,2.648082E3,0E0,1.8313352E4,6.9471562E3,1.4148437E4,5.334828E3,1.7929645E4,1.6311191E4,1.7083014E4,3.5827305E4,8.770115E2,9.01075E3,0E0,0E0,5.3402256E3,8.445039E3,2.0095938E3,4.7819624E3,9.39817E3,0E0,3.282084E3,9.634645E1,8.119083E3,5.2739688E3,1.1256677E4,8.0437695E3,9.528148E3,5.62547E3,0E0,7.9445674E3,0E0,0E0,6.1331597E3,5.3776875E3,0E0,0E0,0E0,0E0,0E0,0E0,0E0,0E0,0E0,0E0,0E0,0E0,0E0,0E0,0E0,0E0,0E0,0E0,0E0,0E0,0E0,0E0,0E0,0E0,0E0,0E0,0E0,0E0,0E0,0E0,0E0,0E0],"parents":[2147483647,0,0,1,1,2,2,3,3,4,4,5,5,6,6,7,7,8,8,9,9,11,11,12,12,13,13,15,15,16,16,17,17,18,18,19,19,20,20,21,21,22,22,23,23,24,24,27,27,28,28,29,29,30,30,31,31,33,33,34,34,35,35,36,36,37,37,38,38,39,39,40,40,42,42,45,45,46,46],"right_children":[2,4,6,8,10,12,14,16,18,20,-1,22,24,26,-1,28,30,32,34,36,38,40,42,44,46,-1,-1,48,50,52,54,56,-1,58,60,62,64,66,68,70,72,-1,74,-1,-1,76,78,-1,-1,-1,-1,-1,-1,-1,-1,-1,-1,-1,-1,-1,-1,-1,-1,-1,-1,-1,-1,-1,-1,-1,-1,-1,-1,-1,-1,-1,-1,-1,-1],