{"model_type": "xgboost", "opt_type": 0, "learner": {"attributes": {}, "feature_names": [], "feature_types": [], "gradient_booster": {"model": {"gbtree_model_param": {"num_parallel_tree": "1", "num_trees": "2"}, "iteration_indptr": [0, 1, 2], "tree_info": [0, 0], "trees": [{"base_weights": [2.1551962e-06, -35.52351, 51.44785, -52.829765, 10.741674, 37.05116, 112.99444, -71.40181, -43.39292, -15.884881, 26.283365, 21.806906, 74.52042, 39.07488, 64.01196, -56.952522, -26.160921, -7.253008, -49.402424, -40.396854, 7.90817, -28.78045, 35.786476, -27.487764, 28.654728, -22.552406, 84.64206, -3.8604815, 75.23053, -66.86708, 4.0107665, -17.541075, 12.952693, -54.664833, -2.3628876, -13.7741785, -20.87677, -12.047309, 21.537113, -9.776771, -1.4604813, 20.830248, 25.867748, 7.1975937, -41.394474, 14.356332, 55.59948, -9.147308, 0.18951875, 89.78801, -10.460482, 3.939519, 82.22582, -9.776771, -21.553297, -3.5473084, 5.552692, -1.1826932, -15.165723, -16.843483, 9.3395195, -15.547309, 4.944158, 1.5632302, -12.247309, -1.965722, 10.353461, -8.589396, 11.130086, 7.089519, -1.8473084, -15.403683, 4.239519, 9.326403, -2.733646, 24.205349, 4.217307, -3.2604814, 28.090105, 6.939519, 26.465866], "categories": [], "categories_nodes": [], "categories_segments": [], "categories_sizes": [], "default_left": [0, 0, 0, 0, 0, 0, 0, 0, 0, 0, 0, 0, 0, 0, 0, 0, 0, 0, 0, 0, 0, 0, 0, 0, 0, 0, 0, 0, 0, 0, 0, 0, 0, 0, 0, 0, 0, 0, 0, 0, 0, 0, 0, 0, 0, 0, 0, 0, 0, 0, 0, 0, 0, 0, 0, 0, 0, 0, 0, 0, 0, 0, 0, 0, 0, 0, 0, 0, 0, 0, 0, 0, 0, 0, 0, 0, 0, 0, 0, 0, 0], "id": 0, "left_children": [1, 3, 5, 7, 9, 11, 13, 15, 17, 19, 21, 23, 25, -1, 27, 29, -1, 31, 33, 35, 37, 39, 41, 43, 45, 47, 49, -1, 51, 53, 55, 57, -1, 59, 61, 63, -1, -1, 65, -1, -1, 67, -1, 69, 71, 73, 75, -1, -1, 77, -1, -1, 79, -1, -1, -1, -1, -1, -1, -1, -1, -1, -1, -1, -1, -1, -1, -1, -1, -1, -1, -1, -1, -1, -1, -1, -1, -1, -1, -1, -1], "loss_changes": [648800.9, 168709.69, 124293.125, 23716.688, 24419.168, 66346.64, 14482.875, 6449.4062, 22228.703, 13150.189, 20391.217, 29817.914, 35315.11, 0.0, 8730.457, 17796.484, 0.0, 9058.359, 21902.016, 7590.4355, 8725.924, 387.8042, 22344.129, 5603.8916, 28482.074, 755.4624, 22195.578, 0.0, 2395.4258, 1923.8828, 1366.7615, 6085.4937, 0.0, 11906.922, 10174.322, 3807.5496, 0.0, 0.0, 3870.5864, 0.0, 0.0, 21985.516, 0.0, 1023.4474, 5145.992, 20309.305, 25959.742, 0.0, 0.0, 12630.375, 0.0, 0.0, 438.6836, 0.0, 0.0, 0.0, 0.0, 0.0, 0.0, 0.0, 0.0, 0.0, 0.0, 0.0, 0.0, 0.0, 0.0, 0.0, 0.0, 0.0, 0.0, 0.0, 0.0, 0.0, 0.0, 0.0, 0.0, 0.0, 0.0, 0.0, 0.0], "parents": [2147483647, 0, 0, 1, 1, 2, 2, 3, 3, 4, 4, 5, 5, 6, 6, 7, 7, 8, 8, 9, 9, 10, 10, 11, 11, 12, 12, 14, 14, 15, 15, 17, 17, 18, 18, 19, 19, 20, 20, 21, 21, 22, 22, 23, 23, 24, 24, 25, 25, 26, 26, 28, 28, 29, 29, 30, 30, 31, 31, 33, 33, 34, 34, 35, 35, 38, 38, 41, 41, 43, 43, 44, 44, 45, 45, 46, 46, 49, 49, 52, 52], "right_children": [2, 4, 6, 8, 10, 12, 14, 16, 18, 20, 22, 24, 26, -1, 28, 30, -1, 32, 34, 36, 38, 40, 42, 44, 46, 48, 50, -1, 52, 54, 56, 58, -1, 60, 62, 64, -1, -1, 66, -1, -1, 68, -1, 70, 72, 74, 76, -1, -1, 78, -1, -1, 80, -1, -1, -1, -1, -1, -1, -1, -1, -1, -1, -1, -1, -1, -1, -1, -1, -1, -1, -1, -1, -1, -1, -1, -1, -1, -1, -1, -1], "split_conditions": [0.0056499788, 0.0062067355, 0.07355214, -0.042570855, -0.023450946, 0.036201265, 0.022485405, -0.038719688, -0.051103264, 0.02472964, -0.04354178, -0.03980883, -0.00061173533, 39.07488, 0.016318427, -0.04559945, -26.160921, -0.004221514, 0.045345243, -0.02991782, -0.03321323, 0.0002609183, 0.03799897, -0.026833475, 0.0379505, 0.019913213, 0.19878799, -3.8604815, 0.08540807, -0.07563562, -0.04183994, 0.0030644094, 12.952693, 0.10794366, -0.034521777, 0.009438663, -20.87677, -12.047309, -0.028674295, -9.776771, -1.4604813, 0.01482098, 25.867748, -0.04183994, 0.020446286, 0.034750905, 0.038075905, -9.147308, 0.18951875, -0.071772285, -10.460482, 3.939519, -0.06726771, -9.776771, -21.553297, -3.5473084, 5.552692, -1.1826932, -15.165723, -16.843483, 9.3395195, -15.547309, 4.944158, 1.5632302, -12.247309, -1.965722, 10.353461, -8.589396, 11.130086, 7.089519, -1.8473084, -15.403683, 4.239519, 9.326403, -2.733646, 24.205349, 4.217307, -3.2604814, 28.090105, 6.939519, 26.465866], "split_indices": [2, 8, 2, 8, 2, 9, 5, 4, 4, 8, 3, 8, 8, 0, 4, 4, 0, 8, 5, 2, 3, 2, 7, 6, 3, 0, 5, 0, 2, 9, 0, 9, 0, 3, 8, 4, 0, 0, 6, 0, 0, 8, 0, 0, 4, 2, 0, 0, 0, 5, 0, 0, 0, 0, 0, 0, 0, 0, 0, 0, 0, 0, 0, 0, 0, 0, 0, 0, 0, 0, 0, 0, 0, 0, 0, 0, 0, 0, 0, 0, 0], "split_type": [0, 0, 0, 0, 0, 0, 0, 0, 0, 0, 0, 0, 0, 0, 0, 0, 0, 0, 0, 0, 0, 0, 0, 0, 0, 0, 0, 0, 0, 0, 0, 0, 0, 0, 0, 0, 0, 0, 0, 0, 0, 0, 0, 0, 0, 0, 0, 0, 0, 0, 0, 0, 0, 0, 0, 0, 0, 0, 0, 0, 0, 0, 0, 0, 0, 0, 0, 0, 0, 0, 0, 0, 0, 0, 0, 0, 0, 0, 0, 0, 0], "sum_hessian": [353.0, 209.0, 144.0, 152.0, 57.0, 118.0, 26.0, 49.0, 103.0, 21.0, 36.0, 85.0, 33.0, 18.0, 8.0, 28.0, 21.0, 15.0, 88.0, 10.0, 11.0, 5.0, 31.0, 10.0, 75.0, 3.0, 30.0, 1.0, 7.0, 24.0, 4.0, 13.0, 2.0, 79.0, 9.0, 6.0, 4.0, 2.0, 9.0, 4.0, 1.0, 25.0, 6.0, 3.0, 7.0, 50.0, 25.0, 2.0, 1.0, 29.0, 1.0, 1.0, 6.0, 4.0, 20.0, 2.0, 2.0, 10.0, 3.0, 78.0, 1.0, 2.0, 7.0, 4.0, 2.0, 3.0, 6.0, 6.0, 19.0, 1.0, 2.0, 6.0, 1.0, 29.0, 21.0, 15.0, 10.0, 1.0, 28.0, 1.0, 5.0], "tree_param": {"num_deleted": "0", "num_feature": "10", "num_nodes": "81", "size_leaf_vector": "1"}}, {"base_weights": [0.033973694, -23.928804, 39.55442, -39.92107, 3.6668823, 28.630907, 81.78349, -45.921833, -19.072487, -0.1979466, 18.967451, 10.280193, 47.480137, 24.659119, 26.368975, -36.62225, -60.225487, -1.4896207, -37.661182, 23.232634, -8.137161, 33.818333, -5.9450235, -28.651901, 52.621094, 12.051253, -3.281408, -5.3892593, -45.36009, -63.17431, -1.8156382, -15.503915, 15.430917, -44.61493, 7.3433585, -3.5389023, 56.34661, 5.487673, -28.235365, 53.727676, -3.121504, 25.000788, -17.273375, -0.4412842, -11.166572, 20.886992, 59.07768, 5.6961465, -5.458666, -14.175051, 7.9385905, -7.547262, -19.693068, -10.78396, 9.966923, 10.955309, -7.894888, -14.670368, 1.6660401, 3.4066155, -0.102104194, 8.510123, -6.9113336, 4.736274, 22.19846, -7.007573, 4.790467, -4.967204, -18.15296, 19.900429, 0.7423542, -6.6570506, 7.8785605, -7.566439, 4.074084, 11.221738, -3.9727972, 24.584923, 14.716818], "categories": [], "categories_nodes": [], "categories_segments": [], "categories_sizes": [], "default_left": [0, 0, 0, 0, 0, 0, 0, 0, 0, 0, 0, 0, 0, 0, 0, 0, 0, 0, 0, 0, 0, 0, 0, 0, 0, 0, 0, 0, 0, 0, 0, 0, 0, 0, 0, 0, 0, 0, 0, 0, 0, 0, 0, 0, 0, 0, 0, 0, 0, 0, 0, 0, 0, 0, 0, 0, 0, 0, 0, 0, 0, 0, 0, 0, 0, 0, 0, 0, 0, 0, 0, 0, 0, 0, 0, 0, 0, 0, 0], "id": 1, "left_children": [1, 3, 5, 7, 9, 11, 13, 15, 17, 19, -1, 21, 23, 25, -1, 27, 29, 31, 33, 35, 37, 39, 41, 43, 45, -1, -1, 47, 49, 51, 53, 55, -1, 57, 59, 61, 63, 65, 67, 69, 71, -1, 73, -1, -1, 75, 77, -1, -1, -1, -1, -1, -1, -1, -1, -1, -1, -1, -1, -1, -1, -1, -1, -1, -1, -1, -1, -1, -1, -1, -1, -1, -1, -1, -1, -1, -1, -1, -1], "loss_changes": [336191.47, 97677.58, 59471.297, 16639.188, 18887.38, 36868.758, 7261.0938, 12160.359, 10729.702, 14698.639, 0.0, 21588.09, 22251.445, 2648.082, 0.0, 18313.352, 6947.1562, 14148.437, 5334.828, 17929.645, 16311.191, 17083.014, 35827.305, 877.0115, 9010.75, 0.0, 0.0, 5340.2256, 8445.039, 2009.5938, 4781.9624, 9398.17, 0.0, 3282.084, 96.34645, 8119.083, 5273.9688, 11256.677, 8043.7695, 9528.148, 5625.47, 0.0, 7944.5674, 0.0, 0.0, 6133.1597, 5377.6875, 0.0, 0.0, 0.0, 0.0, 0.0, 0.0, 0.0, 0.0, 0.0, 0.0, 0.0, 0.0, 0.0, 0.0, 0.0, 0.0, 0.0, 0.0, 0.0, 0.0, 0.0, 0.0, 0.0, 0.0, 0.0, 0.0, 0.0, 0.0, 0.0, 0.0, 0.0, 0.0], "parents": [2147483647, 0, 0, 1, 1, 2, 2, 3, 3, 4, 4, 5, 5, 6, 6, 7, 7, 8, 8, 9, 9, 11, 11, 12, 12, 13, 13, 15, 15, 16, 16, 17, 17, 18, 18, 19, 19, 20, 20, 21, 21, 22, 22, 23, 23, 24, 24, 27, 27, 28, 28, 29, 29, 30, 30, 31, 31, 33, 33, 34, 34, 35, 35, 36, 36, 37, 37, 38, 38, 39, 39, 40, 40, 42, 42, 45, 45, 46, 46],